{
	"format_version": "1.21.6",
	"credit": "Made with Blockbench",
	"textures": {
		"1": "item/enchanted_tool_overlays/enchantment_outline",
		"particle": "./item/leggings",
		"leggings": "./item/leggings"
	},
	"elements": [
		{
			"from": [2.9, 1.9, 8.6],
			"to": [3.9, 13.1, 7.4],
			"light_emission": 15,
			"rotation": {"angle": 0, "axis": "y", "origin": [3, 2.025, 1.1]},
			"faces": {
				"north": {"uv": [3, 13, 4, 14], "texture": "#1"},
				"east": {"uv": [0, 0, 1, 1], "texture": "#1"},
				"south": {"uv": [3, 13, 4, 14], "texture": "#1"},
				"west": {"uv": [3, 13, 4, 14], "texture": "#1"},
				"up": {"uv": [3, 13, 4, 14], "texture": "#1"},
				"down": {"uv": [3, 13, 4, 14], "texture": "#1"}
			}
		},
		{
			"from": [3.9, 1.9, 8.6],
			"to": [7.1, 3, 7.4],
			"light_emission": 15,
			"rotation": {"angle": 0, "axis": "y", "origin": [6, 2.025, 1.1]},
			"faces": {
				"north": {"uv": [6, 13, 7, 14], "texture": "#1"},
				"east": {"uv": [6, 13, 7, 14], "texture": "#1"},
				"south": {"uv": [6, 13, 7, 14], "texture": "#1"},
				"west": {"uv": [0, 0, 1, 1], "texture": "#1"},
				"up": {"uv": [0, 0, 1, 1], "texture": "#1"},
				"down": {"uv": [6, 13, 7, 14], "texture": "#1"}
			}
		},
		{
			"from": [8.9, 1.9, 8.6],
			"to": [12.1, 3, 7.4],
			"light_emission": 15,
			"rotation": {"angle": 0, "axis": "y", "origin": [9, 2.025, 1.1]},
			"faces": {
				"north": {"uv": [9, 13, 10, 14], "texture": "#1"},
				"east": {"uv": [0, 0, 1, 1], "texture": "#1"},
				"south": {"uv": [9, 13, 10, 14], "texture": "#1"},
				"west": {"uv": [9, 13, 10, 14], "texture": "#1"},
				"up": {"uv": [0, 0, 1, 1], "texture": "#1"},
				"down": {"uv": [9, 13, 10, 14], "texture": "#1"}
			}
		},
		{
			"from": [12.1, 1.9, 8.6],
			"to": [13.1, 13.1, 7.4],
			"light_emission": 15,
			"rotation": {"angle": 0, "axis": "y", "origin": [12, 2.025, 1.1]},
			"faces": {
				"north": {"uv": [12, 13, 13, 14], "texture": "#1"},
				"east": {"uv": [12, 13, 13, 14], "texture": "#1"},
				"south": {"uv": [12, 13, 13, 14], "texture": "#1"},
				"west": {"uv": [0, 0, 1, 1], "texture": "#1"},
				"up": {"uv": [12, 13, 13, 14], "texture": "#1"},
				"down": {"uv": [12, 13, 13, 14], "texture": "#1"}
			}
		},
		{
			"from": [6, 3, 8.6],
			"to": [7.1, 8.9, 7.4],
			"light_emission": 15,
			"rotation": {"angle": 0, "axis": "y", "origin": [6, 3.025, 1.1]},
			"faces": {
				"north": {"uv": [6, 12, 7, 13], "texture": "#1"},
				"east": {"uv": [6, 12, 7, 13], "texture": "#1"},
				"south": {"uv": [6, 12, 7, 13], "texture": "#1"},
				"west": {"uv": [0, 0, 1, 1], "texture": "#1"},
				"up": {"uv": [0, 0, 1, 1], "texture": "#1"},
				"down": {"uv": [0, 0, 1, 1], "texture": "#1"}
			}
		},
		{
			"from": [8.9, 3, 8.6],
			"to": [10, 8.9, 7.4],
			"light_emission": 15,
			"rotation": {"angle": 0, "axis": "y", "origin": [9, 3.025, 1.1]},
			"faces": {
				"north": {"uv": [9, 12, 10, 13], "texture": "#1"},
				"east": {"uv": [0, 0, 1, 1], "texture": "#1"},
				"south": {"uv": [9, 12, 10, 13], "texture": "#1"},
				"west": {"uv": [9, 12, 10, 13], "texture": "#1"},
				"up": {"uv": [0, 0, 1, 1], "texture": "#1"},
				"down": {"uv": [0, 0, 1, 1], "texture": "#1"}
			}
		},
		{
			"from": [7.1, 8.9, 8.6],
			"to": [8.9, 8.9, 7.4],
			"light_emission": 15,
			"rotation": {"angle": 0, "axis": "y", "origin": [8, 9.025, 1.1]},
			"faces": {
				"north": {"uv": [8, 6, 9, 7], "texture": "#1"},
				"east": {"uv": [0, 0, 1, 1], "texture": "#1"},
				"south": {"uv": [8, 6, 9, 7], "texture": "#1"},
				"west": {"uv": [0, 0, 1, 1], "texture": "#1"},
				"up": {"uv": [0, 0, 1, 1], "texture": "#1"},
				"down": {"uv": [8, 6, 9, 7], "texture": "#1"}
			}
		},
		{
			"from": [3.9, 13.1, 8.6],
			"to": [12.1, 14.1, 7.4],
			"light_emission": 15,
			"rotation": {"angle": 0, "axis": "y", "origin": [4, 13.025, 1.1]},
			"faces": {
				"north": {"uv": [4, 2, 5, 3], "texture": "#1"},
				"east": {"uv": [4, 2, 5, 3], "texture": "#1"},
				"south": {"uv": [4, 2, 5, 3], "texture": "#1"},
				"west": {"uv": [4, 2, 5, 3], "texture": "#1"},
				"up": {"uv": [4, 2, 5, 3], "texture": "#1"},
				"down": {"uv": [0, 0, 1, 1], "texture": "#1"}
			}
		},
		{
			"from": [3.9, 8.9, 8.6],
			"to": [12.1, 13.1, 7.4],
			"light_emission": 15,
			"rotation": {"angle": 0, "axis": "y", "origin": [4, 12.025, 1.1]},
			"faces": {
				"north": {"uv": [4, 2, 5, 3], "texture": "#1"},
				"east": {"uv": [0, 0, 1, 1], "texture": "#1"},
				"south": {"uv": [4, 2, 5, 3], "texture": "#1"},
				"west": {"uv": [0, 0, 1, 1], "texture": "#1"},
				"up": {"uv": [0, 0, 1, 1], "texture": "#1"},
				"down": {"uv": [0, 0, 1, 1], "texture": "#1"}
			}
		},
		{
			"from": [3.9, 3, 8.6],
			"to": [6, 8.9, 7.4],
			"light_emission": 15,
			"rotation": {"angle": 0, "axis": "y", "origin": [4, 5.025, 1.1]},
			"faces": {
				"north": {"uv": [4, 2, 5, 3], "texture": "#1"},
				"east": {"uv": [0, 0, 1, 1], "texture": "#1"},
				"south": {"uv": [4, 2, 5, 3], "texture": "#1"},
				"west": {"uv": [0, 0, 1, 1], "texture": "#1"},
				"up": {"uv": [0, 0, 1, 1], "texture": "#1"},
				"down": {"uv": [0, 0, 1, 1], "texture": "#1"}
			}
		},
		{
			"from": [10, 3, 8.6],
			"to": [12.1, 8.9, 7.4],
			"light_emission": 15,
			"rotation": {"angle": 0, "axis": "y", "origin": [10.1, 5.025, 1.1]},
			"faces": {
				"north": {"uv": [4, 2, 5, 3], "texture": "#1"},
				"east": {"uv": [0, 0, 1, 1], "texture": "#1"},
				"south": {"uv": [4, 2, 5, 3], "texture": "#1"},
				"west": {"uv": [0, 0, 1, 1], "texture": "#1"},
				"up": {"uv": [0, 0, 1, 1], "texture": "#1"},
				"down": {"uv": [0, 0, 1, 1], "texture": "#1"}
			}
		},
		{
			"name": "diamond_leggings_0",
			"from": [4, 9, 7.5],
			"to": [12, 14, 8.5],
			"rotation": {"angle": 0, "axis": "y", "origin": [0, 0, 7.5]},
			"faces": {
				"north": {"uv": [12, 2, 4, 7], "texture": "#leggings"},
				"east": {"uv": [11, 2, 12, 7], "texture": "#leggings"},
				"south": {"uv": [4, 2, 12, 7], "texture": "#leggings"},
				"west": {"uv": [4, 2, 5, 7], "texture": "#leggings"},
				"up": {"uv": [4, 2, 12, 3], "texture": "#leggings"},
				"down": {"uv": [4, 6, 12, 7], "texture": "#leggings"}
			}
		},
		{
			"name": "diamond_leggings_1",
			"from": [3, 2, 7.5],
			"to": [4, 13, 8.5],
			"rotation": {"angle": 0, "axis": "y", "origin": [0, 0, 7.5]},
			"faces": {
				"north": {"uv": [4, 3, 3, 14], "texture": "#leggings"},
				"east": {"uv": [3, 3, 4, 14], "texture": "#leggings"},
				"south": {"uv": [3, 3, 4, 14], "texture": "#leggings"},
				"west": {"uv": [3, 3, 4, 14], "texture": "#leggings"},
				"up": {"uv": [3, 3, 4, 4], "texture": "#leggings"},
				"down": {"uv": [3, 13, 4, 14], "texture": "#leggings"}
			}
		},
		{
			"name": "diamond_leggings_2",
			"from": [12, 2, 7.5],
			"to": [13, 13, 8.5],
			"rotation": {"angle": 0, "axis": "y", "origin": [0, 0, 7.5]},
			"faces": {
				"north": {"uv": [13, 3, 12, 14], "texture": "#leggings"},
				"east": {"uv": [12, 3, 13, 14], "texture": "#leggings"},
				"south": {"uv": [12, 3, 13, 14], "texture": "#leggings"},
				"west": {"uv": [12, 3, 13, 14], "texture": "#leggings"},
				"up": {"uv": [12, 3, 13, 4], "texture": "#leggings"},
				"down": {"uv": [12, 13, 13, 14], "texture": "#leggings"}
			}
		},
		{
			"name": "diamond_leggings_3",
			"from": [4, 2, 7.5],
			"to": [7, 9, 8.5],
			"rotation": {"angle": 0, "axis": "y", "origin": [0, 0, 7.5]},
			"faces": {
				"north": {"uv": [7, 7, 4, 14], "texture": "#leggings"},
				"east": {"uv": [6, 7, 7, 14], "texture": "#leggings"},
				"south": {"uv": [4, 7, 7, 14], "texture": "#leggings"},
				"west": {"uv": [4, 7, 5, 14], "texture": "#leggings"},
				"up": {"uv": [4, 7, 7, 8], "texture": "#leggings"},
				"down": {"uv": [4, 13, 7, 14], "texture": "#leggings"}
			}
		},
		{
			"name": "diamond_leggings_4",
			"from": [9, 2, 7.5],
			"to": [12, 9, 8.5],
			"rotation": {"angle": 0, "axis": "y", "origin": [0, 0, 7.5]},
			"faces": {
				"north": {"uv": [12, 7, 9, 14], "texture": "#leggings"},
				"east": {"uv": [11, 7, 12, 14], "texture": "#leggings"},
				"south": {"uv": [9, 7, 12, 14], "texture": "#leggings"},
				"west": {"uv": [9, 7, 10, 14], "texture": "#leggings"},
				"up": {"uv": [9, 7, 12, 8], "texture": "#leggings"},
				"down": {"uv": [9, 13, 12, 14], "texture": "#leggings"}
			}
		}
	],
	"gui_light": "front",
	"display": {
		"thirdperson_righthand": {
			"translation": [0, 3, 1],
			"scale": [0.55, 0.55, 0.55]
		},
		"firstperson_righthand": {
			"rotation": [0, -90, 25],
			"translation": [1.13, 3.2, 1.13],
			"scale": [0.68, 0.68, 0.68]
		},
		"ground": {
			"translation": [0, 2, 0],
			"scale": [0.5, 0.5, 0.5]
		},
		"head": {
			"rotation": [0, -180, 0],
			"translation": [0, 13, 7]
		},
		"fixed": {
			"rotation": [0, -180, 0]
		}
	},
	"groups": [
		{
			"name": "emissive_1",
			"origin": [12, 15, 0],
			"color": 0,
			"children": [0, 1, 2, 3, 4, 5, 6, 7, 8, 9, 10]
		},
		{
			"name": "diamond_leggings",
			"origin": [8, 8, 8],
			"color": 0,
			"children": [11, 12, 13, 14, 15]
		}
	]
}