{
	"textures": {
		"0": "minecraft:item/3d_tadpole_bucket"
	},
	"elements": [
		{
			"from": [7.5, 5, 3.5],
			"to": [8.5, 11, 12.5],
			"light_emission": 0,
			"faces": {
				"north": {
					"uv": [3.25, 7.25, 3.5, 8.75],
					"texture": "#0"
				},
				"east": {
					"uv": [0, 14.5, 2.25, 16],
					"texture": "#0"
				},
				"south": {
					"uv": [1, 7, 1.25, 8.5],
					"texture": "#0"
				},
				"west": {
					"uv": [0, 1.5, 2.25, 3],
					"texture": "#0"
				},
				"up": {
					"uv": [2.5, 14.5, 2.25, 12.25],
					"texture": "#0"
				},
				"down": {
					"uv": [0.25, 7, 0, 9.25],
					"texture": "#0"
				}
			}
		}
	],
	"display": {
		"thirdperson_righthand": {
			"rotation": [61.25, 0, 0],
			"translation": [-2.29688, 1.89523, -1.01374],
			"scale": [0.57422, 0.57422, 0.57422]
		},
		"thirdperson_lefthand": {
			"rotation": [61.25, 0, 0],
			"translation": [-2.29688, 1.89523, -1.01374],
			"scale": [0.57422, 0.57422, 0.57422]
		},
		"firstperson_righthand": {
			"rotation": [-168.99, 56.95, 167.03],
			"translation": [1.81344, -0.07421, 4.08855],
			"scale": [0.69336, 0.69336, 0.69336]
		},
		"firstperson_lefthand": {
			"rotation": [-178.8, 12.3, 176.47],
			"translation": [2.12148, -0.60996, 1.57155],
			"scale": [0.69336, 0.69336, 0.5957]
		},
		"ground": {
			"rotation": [0, 0, 0],
			"translation": [-2.26564, 0.48436, 0],
			"scale": [0.56641, 0.56641, 0.56641]
		},
		"gui": {
			"rotation": [0, 0, 0],
			"translation": [-4, -4, 0],
			"scale": [1, 1, 1]
		},
		"head": {
			"rotation": [0, 0, 0],
			"translation": [-3.125, 9.625, 0],
			"scale": [0.78125, 0.78125, 0.78125]
		},
		"fixed": {
			"rotation": [0, 0, 0],
			"translation": [-4, -1.5, 0],
			"scale": [1, 1, 1]
		}
	}
}