{
	"textures": {
		"0": "minecraft:item/3d_tadpole_bucket"
	},
	"elements": [
		{
			"from": [8, 7, 6.5],
			"to": [8, 9, 9.5],
			"light_emission": 0,
			"faces": {
				"north": {
					"uv": [12.25, 14.75, 12.25, 15.25],
					"texture": "#0"
				},
				"east": {
					"uv": [11.5, 14.75, 12.25, 15.25],
					"texture": "#0"
				},
				"south": {
					"uv": [13, 14.75, 13, 15.25],
					"texture": "#0"
				},
				"west": {
					"uv": [12.25, 14.75, 13, 15.25],
					"texture": "#0"
				},
				"up": {
					"uv": [12.25, 14.75, 12.25, 14],
					"texture": "#0"
				},
				"down": {
					"uv": [12.25, 14, 12.25, 14.75],
					"texture": "#0"
				}
			}
		}
	],
	"display": {
		"thirdperson_righthand": {
			"rotation": [80.85344, -8.9605, -8.52587],
			"translation": [0.59963, 4.23598, 1.7688],
			"scale": [0.57422, 0.57422, 0.57422]
		},
		"thirdperson_lefthand": {
			"rotation": [80.85344, -8.9605, -8.52587],
			"translation": [0.59963, 4.23598, 1.7688],
			"scale": [0.57422, 0.57422, 0.57422]
		},
		"firstperson_righthand": {
			"rotation": [148.83695, 64.59755, -165.77243],
			"translation": [-1.29476, 3.88385, 1.60209],
			"scale": [0.69336, 0.69336, 0.69336]
		},
		"firstperson_lefthand": {
			"rotation": [160.97305, 21.71933, 172.3871],
			"translation": [-1.70598, 3.47239, 1.58047],
			"scale": [0.69336, 0.69336, 0.5957]
		},
		"ground": {
			"rotation": [19.60344, -8.9605, -8.52587],
			"translation": [0.59147, 4.00126, -0.70413],
			"scale": [0.56641, 0.56641, 0.56641]
		},
		"gui": {
			"rotation": [19.60344, -8.9605, -8.52587],
			"translation": [1.04425, 2.20912, -1.24314],
			"scale": [1, 1, 1]
		},
		"head": {
			"rotation": [19.60344, -8.9605, -8.52587],
			"translation": [0.81582, 14.47587, -0.9712],
			"scale": [0.78125, 0.78125, 0.78125]
		},
		"fixed": {
			"rotation": [19.60344, -8.9605, -8.52587],
			"translation": [1.04425, 4.70912, -1.24314],
			"scale": [1, 1, 1]
		}
	}
}