{
	"textures": {
		"0": "minecraft:item/3d_tadpole_bucket"
	},
	"elements": [
		{
			"from": [6.5, 7, 6.5],
			"to": [9.5, 9, 9.5],
			"light_emission": 0,
			"faces": {
				"north": {
					"uv": [13.75, 15.5, 14.5, 16],
					"texture": "#0"
				},
				"east": {
					"uv": [13, 15.5, 13.75, 16],
					"texture": "#0"
				},
				"south": {
					"uv": [15.25, 15.5, 16, 16],
					"texture": "#0"
				},
				"west": {
					"uv": [14.5, 15.5, 15.25, 16],
					"texture": "#0"
				},
				"up": {
					"uv": [14.5, 15.5, 13.75, 14.75],
					"texture": "#0"
				},
				"down": {
					"uv": [15.25, 14.75, 14.5, 15.5],
					"texture": "#0"
				}
			}
		}
	],
	"display": {
		"thirdperson_righthand": {
			"rotation": [85.39867, 20.70481, -9.00717],
			"translation": [0.3712, 5.71235, 1.59071],
			"scale": [0.57422, 0.57422, 0.57422]
		},
		"thirdperson_lefthand": {
			"rotation": [85.39867, 20.70481, -9.00717],
			"translation": [0.3712, 5.71235, 1.59071],
			"scale": [0.57422, 0.57422, 0.57422]
		},
		"firstperson_righthand": {
			"rotation": [157.47091, 35.05675, -172.59996],
			"translation": [-2.62678, 4.39193, 2.72808],
			"scale": [0.69336, 0.69336, 0.69336]
		},
		"firstperson_lefthand": {
			"rotation": [157.13721, -8.04369, 172.85982],
			"translation": [-1.78223, 4.12655, 3.04316],
			"scale": [0.69336, 0.69336, 0.5957]
		},
		"ground": {
			"rotation": [24.14867, 20.70481, -9.00717],
			"translation": [0.36615, 4.54772, -2.06538],
			"scale": [0.56641, 0.56641, 0.56641]
		},
		"gui": {
			"rotation": [24.14867, 20.70481, -9.00717],
			"translation": [0.64645, 3.17388, -3.64645],
			"scale": [1, 1, 1]
		},
		"head": {
			"rotation": [24.14867, 20.70481, -9.00717],
			"translation": [0.50504, 15.22959, -2.84879],
			"scale": [0.78125, 0.78125, 0.78125]
		},
		"fixed": {
			"rotation": [24.14867, 20.70481, -9.00717],
			"translation": [0.64645, 5.67388, -3.64645],
			"scale": [1, 1, 1]
		}
	}
}