{
	"textures": {
		"0": "minecraft:item/3d_tadpole_bucket"
	},
	"elements": [
		{
			"from": [8, 7, 6.5],
			"to": [8, 9, 9.5],
			"light_emission": 0,
			"faces": {
				"north": {
					"uv": [10.25, 15.5, 10.25, 16],
					"texture": "#0"
				},
				"east": {
					"uv": [9.5, 15.5, 10.25, 16],
					"texture": "#0"
				},
				"south": {
					"uv": [11, 15.5, 11, 16],
					"texture": "#0"
				},
				"west": {
					"uv": [10.25, 15.5, 11, 16],
					"texture": "#0"
				},
				"up": {
					"uv": [10.25, 15.5, 10.25, 14.75],
					"texture": "#0"
				},
				"down": {
					"uv": [10.25, 14.75, 10.25, 15.5],
					"texture": "#0"
				}
			}
		}
	],
	"display": {
		"thirdperson_righthand": {
			"rotation": [73.40037, -45.91055, -12.15037],
			"translation": [-0.15318, 2.82166, 2.07525],
			"scale": [0.57422, 0.57422, 0.57422]
		},
		"thirdperson_lefthand": {
			"rotation": [73.40037, -45.91055, -12.15037],
			"translation": [-0.15318, 2.82166, 2.07525],
			"scale": [0.57422, 0.57422, 0.57422]
		},
		"firstperson_righthand": {
			"rotation": [6.66232, 75.8789, -25.60354],
			"translation": [0.65334, 3.62354, 1.47235],
			"scale": [0.69336, 0.69336, 0.69336]
		},
		"firstperson_lefthand": {
			"rotation": [169.89471, 58.6657, 166.31004],
			"translation": [-0.48302, 3.05767, 0.36507],
			"scale": [0.69336, 0.69336, 0.5957]
		},
		"ground": {
			"rotation": [12.15037, -45.91055, -12.15037],
			"translation": [-0.1511, 3.59527, 0.66438],
			"scale": [0.56641, 0.56641, 0.56641]
		},
		"gui": {
			"rotation": [12.15037, -45.91055, -12.15037],
			"translation": [-0.26677, 1.49232, 1.17296],
			"scale": [1, 1, 1]
		},
		"head": {
			"rotation": [12.15037, -45.91055, -12.15037],
			"translation": [-0.20841, 13.91588, 0.91638],
			"scale": [0.78125, 0.78125, 0.78125]
		},
		"fixed": {
			"rotation": [12.15037, -45.91055, -12.15037],
			"translation": [-0.26677, 3.99232, 1.17296],
			"scale": [1, 1, 1]
		}
	}
}