{
	"textures": {
		"0": "minecraft:item/3d_tadpole_bucket"
	},
	"elements": [
		{
			"from": [4.5, 5, 7.5],
			"to": [11.5, 11, 8.5],
			"light_emission": 0,
			"faces": {
				"north": {
					"uv": [3.5, 3, 5.25, 4.5],
					"texture": "#0"
				},
				"east": {
					"uv": [8.25, 11.25, 8.5, 12.75],
					"texture": "#0"
				},
				"south": {
					"uv": [10.5, 11.25, 12.25, 12.75],
					"texture": "#0"
				},
				"west": {
					"uv": [10.25, 11.25, 10.5, 12.75],
					"texture": "#0"
				},
				"up": {
					"uv": [10.25, 11.25, 8.5, 11],
					"texture": "#0"
				},
				"down": {
					"uv": [5, 7, 3.25, 7.25],
					"texture": "#0"
				}
			}
		}
	],
	"display": {
		"thirdperson_righthand": {
			"rotation": [61.25, 0, 0],
			"translation": [0, 3.90896, -2.11851],
			"scale": [0.57422, 0.57422, 0.57422]
		},
		"thirdperson_lefthand": {
			"rotation": [61.25, 0, 0],
			"translation": [0, 3.90896, -2.11851],
			"scale": [0.57422, 0.57422, 0.57422]
		},
		"firstperson_righthand": {
			"rotation": [-168.99, 56.95, 167.03],
			"translation": [-1.9852, -0.54145, 3.2307],
			"scale": [0.69336, 0.69336, 0.69336]
		},
		"firstperson_lefthand": {
			"rotation": [-178.8, 12.3, 176.47],
			"translation": [-1.09077, -0.81709, 3.30601],
			"scale": [0.69336, 0.69336, 0.5957]
		},
		"ground": {
			"rotation": [0, 0, 0],
			"translation": [0, 0.48436, -2.26564],
			"scale": [0.56641, 0.56641, 0.56641]
		},
		"gui": {
			"rotation": [0, 0, 0],
			"translation": [0, -4, -4],
			"scale": [1, 1, 1]
		},
		"head": {
			"rotation": [0, 0, 0],
			"translation": [0, 9.625, -3.125],
			"scale": [0.78125, 0.78125, 0.78125]
		},
		"fixed": {
			"rotation": [0, 0, 0],
			"translation": [0, -1.5, -4],
			"scale": [1, 1, 1]
		}
	}
}