{
	"textures": {
		"0": "minecraft:item/3d_tadpole_bucket"
	},
	"elements": [
		{
			"from": [4.5, 5, 7.5],
			"to": [11.5, 11, 8.5],
			"light_emission": 0,
			"faces": {
				"north": {
					"uv": [2, 14, 3.75, 15.5],
					"texture": "#0"
				},
				"east": {
					"uv": [1.75, 14, 2, 15.5],
					"texture": "#0"
				},
				"south": {
					"uv": [3.5, 4.5, 5.25, 6],
					"texture": "#0"
				},
				"west": {
					"uv": [3.75, 14, 4, 15.5],
					"texture": "#0"
				},
				"up": {
					"uv": [3.75, 14, 2, 13.75],
					"texture": "#0"
				},
				"down": {
					"uv": [8.75, 6.5, 7, 6.75],
					"texture": "#0"
				}
			}
		}
	],
	"display": {
		"thirdperson_righthand": {
			"rotation": [61.25, 0, 0],
			"translation": [0, -0.11851, 0.09104],
			"scale": [0.57422, 0.57422, 0.57422]
		},
		"thirdperson_lefthand": {
			"rotation": [61.25, 0, 0],
			"translation": [0, -0.11851, 0.09104],
			"scale": [0.57422, 0.57422, 0.57422]
		},
		"firstperson_righthand": {
			"rotation": [-168.99, 56.95, 167.03],
			"translation": [2.66416, 0.03629, 0.26128],
			"scale": [0.69336, 0.69336, 0.69336]
		},
		"firstperson_lefthand": {
			"rotation": [-178.8, 12.3, 176.47],
			"translation": [-0.07554, -0.71958, -1.34921],
			"scale": [0.69336, 0.69336, 0.5957]
		},
		"ground": {
			"rotation": [0, 0, 0],
			"translation": [0, 0.48436, 2.26564],
			"scale": [0.56641, 0.56641, 0.56641]
		},
		"gui": {
			"rotation": [0, 0, 0],
			"translation": [0, -4, 4],
			"scale": [1, 1, 1]
		},
		"head": {
			"rotation": [0, 0, 0],
			"translation": [0, 9.625, 3.125],
			"scale": [0.78125, 0.78125, 0.78125]
		},
		"fixed": {
			"rotation": [0, 0, 0],
			"translation": [0, -1.5, 4],
			"scale": [1, 1, 1]
		}
	}
}