{
	"credit": "Made with Blockbench",
	"texture_size": [64, 64],
	"textures": {
		"0": "item/3d_lucy_axolotl_bucket",
		"particle": "item/3d_lucy_axolotl_bucket"
	},
	"elements": [
		{
			"from": [3.5, 1, 3.5],
			"to": [4.5, 7, 12.5],
			"rotation": {"angle": 0, "axis": "y", "origin": [3.5, 1, 3.5]},
			"faces": {
				"north": {"uv": [0.75, 7, 1, 8.5], "texture": "#0"},
				"east": {"uv": [0, 0, 2.25, 1.5], "texture": "#0"},
				"south": {"uv": [1, 7, 1.25, 8.5], "texture": "#0"},
				"west": {"uv": [0, 1.5, 2.25, 3], "texture": "#0"},
				"up": {"uv": [7, 8.75, 6.75, 6.5], "texture": "#0"},
				"down": {"uv": [0.25, 7, 0, 9.25], "texture": "#0"}
			}
		},
		{
			"from": [11.5, 1, 3.5],
			"to": [12.5, 7, 12.5],
			"rotation": {"angle": 0, "axis": "y", "origin": [11.5, 1, 3.5]},
			"faces": {
				"north": {"uv": [7, 6.75, 7.25, 8.25], "texture": "#0"},
				"east": {"uv": [2.25, 0, 4.5, 1.5], "texture": "#0"},
				"south": {"uv": [3.25, 7.25, 3.5, 8.75], "texture": "#0"},
				"west": {"uv": [2.25, 1.5, 4.5, 3], "texture": "#0"},
				"up": {"uv": [0.5, 9.25, 0.25, 7], "texture": "#0"},
				"down": {"uv": [0.75, 7, 0.5, 9.25], "texture": "#0"}
			}
		},
		{
			"from": [4.5, 1, 3.5],
			"to": [11.5, 7, 4.5],
			"rotation": {"angle": 0, "axis": "y", "origin": [11.5, 1, 3.5]},
			"faces": {
				"north": {"uv": [3.5, 3, 5.25, 4.5], "texture": "#0"},
				"east": {"uv": [3.5, 7.25, 3.75, 8.75], "texture": "#0"},
				"south": {"uv": [4.5, 0, 6.25, 1.5], "texture": "#0"},
				"west": {"uv": [3.75, 7.25, 4, 8.75], "texture": "#0"},
				"up": {"uv": [8.5, 3, 6.75, 2.75], "texture": "#0"},
				"down": {"uv": [5, 7, 3.25, 7.25], "texture": "#0"}
			}
		},
		{
			"from": [4.5, 1, 11.5],
			"to": [11.5, 7, 12.5],
			"rotation": {"angle": 0, "axis": "y", "origin": [11.5, 1, 11.5]},
			"faces": {
				"north": {"uv": [4.5, 1.5, 6.25, 3], "texture": "#0"},
				"east": {"uv": [4, 7.25, 4.25, 8.75], "texture": "#0"},
				"south": {"uv": [3.5, 4.5, 5.25, 6], "texture": "#0"},
				"west": {"uv": [4.25, 7.25, 4.5, 8.75], "texture": "#0"},
				"up": {"uv": [6.75, 7.25, 5, 7], "texture": "#0"},
				"down": {"uv": [8.75, 6.5, 7, 6.75], "texture": "#0"}
			}
		},
		{
			"from": [4.5, 8, 4.5],
			"to": [11.5, 9, 11.5],
			"rotation": {"angle": 0, "axis": "y", "origin": [11.5, 3, 10.5]},
			"faces": {
				"north": {"uv": [1.75, 11.25, 3.5, 11.5], "texture": "#0"},
				"east": {"uv": [0, 11.25, 1.75, 11.5], "texture": "#0"},
				"south": {"uv": [5.25, 11.25, 7, 11.5], "texture": "#0"},
				"west": {"uv": [3.5, 11.25, 5.25, 11.5], "texture": "#0"},
				"up": {"uv": [3.5, 11.25, 1.75, 9.5], "texture": "#0"},
				"down": {"uv": [5.25, 9.5, 3.5, 11.25], "texture": "#0"}
			}
		},
		{
			"from": [2.5, 7, 2.5],
			"to": [13.5, 10, 4.5],
			"rotation": {"angle": 0, "axis": "y", "origin": [3.5, 1, 3.5]},
			"faces": {
				"north": {"uv": [0, 4.75, 2.75, 5.5], "texture": "#0"},
				"east": {"uv": [2.75, 4.75, 3.25, 5.5], "texture": "#0"},
				"south": {"uv": [5.25, 3, 8, 3.75], "texture": "#0"},
				"west": {"uv": [1.25, 7, 1.75, 7.75], "texture": "#0"},
				"up": {"uv": [5, 6.5, 2.25, 6], "texture": "#0"},
				"down": {"uv": [7.75, 6, 5, 6.5], "texture": "#0"}
			}
		},
		{
			"from": [2.5, 7, 4.5],
			"to": [4.5, 10, 13.5],
			"rotation": {"angle": 0, "axis": "y", "origin": [3.5, 1, 5.5]},
			"faces": {
				"north": {"uv": [4.5, 7.25, 5, 8], "texture": "#0"},
				"east": {"uv": [5.25, 3.75, 7.5, 4.5], "texture": "#0"},
				"south": {"uv": [5, 7.25, 5.5, 8], "texture": "#0"},
				"west": {"uv": [5.25, 4.5, 7.5, 5.25], "texture": "#0"},
				"up": {"uv": [6.75, 3, 6.25, 0.75], "texture": "#0"},
				"down": {"uv": [2.25, 6.25, 1.75, 8.5], "texture": "#0"}
			}
		},
		{
			"from": [11.5, 7, 4.5],
			"to": [13.5, 10, 13.5],
			"rotation": {"angle": 0, "axis": "y", "origin": [12.5, 1, 5.5]},
			"faces": {
				"north": {"uv": [5.5, 7.25, 6, 8], "texture": "#0"},
				"east": {"uv": [5.25, 5.25, 7.5, 6], "texture": "#0"},
				"south": {"uv": [6, 7.25, 6.5, 8], "texture": "#0"},
				"west": {"uv": [0, 5.5, 2.25, 6.25], "texture": "#0"},
				"up": {"uv": [2.75, 8.75, 2.25, 6.5], "texture": "#0"},
				"down": {"uv": [3.25, 6.5, 2.75, 8.75], "texture": "#0"}
			}
		},
		{
			"from": [4.5, 7, 11.5],
			"to": [11.5, 10, 13.5],
			"rotation": {"angle": 0, "axis": "y", "origin": [12.5, 1, 13.5]},
			"faces": {
				"north": {"uv": [0, 6.25, 1.75, 7], "texture": "#0"},
				"east": {"uv": [7.25, 6.75, 7.75, 7.5], "texture": "#0"},
				"south": {"uv": [6.25, 0, 8, 0.75], "texture": "#0"},
				"west": {"uv": [7.5, 3.75, 8, 4.5], "texture": "#0"},
				"up": {"uv": [8.5, 2.25, 6.75, 1.75], "texture": "#0"},
				"down": {"uv": [8.5, 2.25, 6.75, 2.75], "texture": "#0"}
			}
		},
		{
			"from": [4.5, 0, 4.5],
			"to": [11.5, 2, 11.5],
			"rotation": {"angle": 0, "axis": "y", "origin": [3.5, 1, 3.5]},
			"faces": {
				"north": {"uv": [3.25, 6.5, 5, 7], "texture": "#0"},
				"east": {"uv": [5, 6.5, 6.75, 7], "texture": "#0"},
				"south": {"uv": [6.75, 0.75, 8.5, 1.25], "texture": "#0"},
				"west": {"uv": [6.75, 1.25, 8.5, 1.75], "texture": "#0"},
				"up": {"uv": [1.75, 4.75, 0, 3], "texture": "#0"},
				"down": {"uv": [3.5, 3, 1.75, 4.75], "texture": "#0"}
			}
		},
		{
			"name": "head",
			"from": [4.5, 10.08437, -0.54987],
			"to": [11.5, 15.08437, 4.45013],
			"rotation": {"angle": 22.5, "axis": "x", "origin": [8, 12.58553, 4.41612]},
			"faces": {
				"north": {"uv": [11, 5.5, 12.75, 6.75], "texture": "#0"},
				"east": {"uv": [9.75, 5.5, 11, 6.75], "texture": "#0"},
				"south": {"uv": [14, 5.5, 15.75, 6.75], "texture": "#0"},
				"west": {"uv": [12.75, 5.5, 14, 6.75], "texture": "#0"},
				"up": {"uv": [12.75, 5.5, 11, 4.25], "texture": "#0"},
				"down": {"uv": [14.5, 4.25, 12.75, 5.5], "texture": "#0"}
			}
		},
		{
			"name": "head",
			"from": [7, 12.08437, -0.64987],
			"to": [9, 13.08437, -0.64987],
			"rotation": {"angle": 22.5, "axis": "x", "origin": [8, 12.58553, 4.41612]},
			"faces": {
				"north": {"uv": [0, 15.75, 0.5, 16], "texture": "#0"},
				"east": {"uv": [0, 15.75, 0, 16], "texture": "#0"},
				"south": {"uv": [0.5, 15.75, 1, 16], "texture": "#0"},
				"west": {"uv": [0.5, 15.75, 0.5, 16], "texture": "#0"},
				"up": {"uv": [0.5, 15.75, 0, 15.75], "texture": "#0"},
				"down": {"uv": [1, 15.75, 0.5, 15.75], "texture": "#0"}
			}
		},
		{
			"name": "top_gills",
			"from": [4.5, 15.26382, 4.47992],
			"to": [11.5, 18.26382, 4.47992],
			"rotation": {"angle": 22.5, "axis": "x", "origin": [8, 15.26382, 4.47992]},
			"faces": {
				"north": {"uv": [12.5, 13.5, 14.25, 14.25], "texture": "#0"},
				"east": {"uv": [12.5, 13.5, 12.5, 14.25], "texture": "#0"},
				"south": {"uv": [14.25, 13.5, 16, 14.25], "texture": "#0"},
				"west": {"uv": [14.25, 13.5, 14.25, 14.25], "texture": "#0"},
				"up": {"uv": [14.25, 13.5, 12.5, 13.5], "texture": "#0"},
				"down": {"uv": [16, 13.5, 14.25, 13.5], "texture": "#0"}
			}
		},
		{
			"name": "left_gills",
			"from": [11.5, 10.08437, 3.45013],
			"to": [14.5, 17.08437, 3.45013],
			"rotation": {"angle": 22.5, "axis": "x", "origin": [8, 12.58553, 4.41612]},
			"faces": {
				"north": {"uv": [11.5, 14.25, 12.25, 16], "texture": "#0"},
				"east": {"uv": [11.5, 14.25, 11.5, 16], "texture": "#0"},
				"south": {"uv": [12.25, 14.25, 13, 16], "texture": "#0"},
				"west": {"uv": [12.25, 14.25, 12.25, 16], "texture": "#0"},
				"up": {"uv": [12.25, 14.25, 11.5, 14.25], "texture": "#0"},
				"down": {"uv": [13, 14.25, 12.25, 14.25], "texture": "#0"}
			}
		},
		{
			"name": "right_gills",
			"from": [1.5, 10.08437, 3.45013],
			"to": [4.5, 17.08437, 3.45013],
			"rotation": {"angle": 22.5, "axis": "x", "origin": [8, 12.58553, 4.41612]},
			"faces": {
				"north": {"uv": [14.25, 14.25, 15, 16], "texture": "#0"},
				"east": {"uv": [14.25, 14.25, 14.25, 16], "texture": "#0"},
				"south": {"uv": [15, 14.25, 15.75, 16], "texture": "#0"},
				"west": {"uv": [15, 14.25, 15, 16], "texture": "#0"},
				"up": {"uv": [15, 14.25, 14.25, 14.25], "texture": "#0"},
				"down": {"uv": [15.75, 14.25, 15, 14.25], "texture": "#0"}
			}
		},
		{
			"name": "body",
			"from": [4.75, 9, 4],
			"to": [11.25, 13, 11],
			"rotation": {"angle": 45, "axis": "x", "origin": [8, 11.5, 5.5]},
			"faces": {
				"north": {"uv": [10.75, 9.5, 12.25, 10.5], "texture": "#0"},
				"east": {"uv": [9, 9.5, 10.75, 10.5], "texture": "#0"},
				"south": {"uv": [14, 9.5, 15.5, 10.5], "texture": "#0"},
				"west": {"uv": [12.25, 9.5, 14, 10.5], "texture": "#0"},
				"up": {"uv": [12.25, 9.5, 10.75, 7.75], "texture": "#0"},
				"down": {"uv": [13.75, 7.75, 12.25, 9.5], "texture": "#0"}
			}
		},
		{
			"name": "body",
			"from": [8, 9, 5],
			"to": [8, 14, 13],
			"rotation": {"angle": 45, "axis": "x", "origin": [8, 11.5, 5.5]},
			"faces": {
				"north": {"uv": [9.75, 10.75, 9.75, 12], "texture": "#0"},
				"east": {"uv": [7.75, 10.75, 9.75, 12], "texture": "#0"},
				"south": {"uv": [11.75, 10.75, 11.75, 12], "texture": "#0"},
				"west": {"uv": [9.75, 10.75, 11.75, 12], "texture": "#0"},
				"up": {"uv": [9.75, 10.75, 9.75, 8.75], "texture": "#0"},
				"down": {"uv": [9.75, 8.75, 9.75, 10.75], "texture": "#0"}
			}
		},
		{
			"name": "leg4",
			"from": [2.5, 11.25, -1],
			"to": [5.5, 11.25, 4],
			"rotation": {"angle": -22.5, "axis": "x", "origin": [8, 10.75, 5.5]},
			"faces": {
				"north": {"uv": [8.75, 8.75, 9.5, 8.75], "texture": "#0"},
				"east": {"uv": [7.5, 8.75, 8.75, 8.75], "texture": "#0"},
				"south": {"uv": [10.75, 8.75, 11.5, 8.75], "texture": "#0"},
				"west": {"uv": [9.5, 8.75, 10.75, 8.75], "texture": "#0"},
				"up": {"uv": [9.5, 8.75, 8.75, 7.5], "texture": "#0"},
				"down": {"uv": [10.25, 7.5, 9.5, 8.75], "texture": "#0"}
			}
		},
		{
			"name": "leg3",
			"from": [10.5, 11.5, -1],
			"to": [13.5, 11.5, 4],
			"rotation": {"angle": -22.5, "axis": "x", "origin": [8, 11, 5.5]},
			"faces": {
				"north": {"uv": [8.75, 8.75, 9.5, 8.75], "texture": "#0"},
				"east": {"uv": [7.5, 8.75, 8.75, 8.75], "texture": "#0"},
				"south": {"uv": [10.75, 8.75, 11.5, 8.75], "texture": "#0"},
				"west": {"uv": [9.5, 8.75, 10.75, 8.75], "texture": "#0"},
				"up": {"uv": [9.5, 8.75, 8.75, 7.5], "texture": "#0"},
				"down": {"uv": [10.25, 7.5, 9.5, 8.75], "texture": "#0"}
			}
		}
	],
	"gui_light": "front",
	"display": {
		"thirdperson_righthand": {
			"rotation": [61.25, 0, 0],
			"translation": [0, 3, 1],
			"scale": [0.57422, 0.57422, 0.57422]
		},
		"thirdperson_lefthand": {
			"rotation": [61.25, 0, 0],
			"translation": [0, 3, 1],
			"scale": [0.57422, 0.57422, 0.57422]
		},
		"firstperson_righthand": {
			"rotation": [-174.86, 47.76, 174.12],
			"translation": [-1, 2.75, 1.75],
			"scale": [0.55859, 0.55859, 0.55859]
		},
		"firstperson_lefthand": {
			"rotation": [-174.86, 47.76, 174.12],
			"translation": [-1, 2.5, 1.75],
			"scale": [0.55859, 0.55859, 0.55859]
		},
		"ground": {
			"translation": [0, 2.75, 0],
			"scale": [0.56641, 0.56641, 0.56641]
		},
		"gui": {
			"rotation": [26.25, 33.25, 0],
			"translation": [0, 2, 0]
		},
		"head": {
			"translation": [0, 12.75, 0],
			"scale": [0.78125, 0.78125, 0.78125]
		},
		"fixed": {
			"translation": [0, 3.25, 0]
		}
	},
	"groups": [
		0,
		1,
		2,
		3,
		4,
		5,
		6,
		7,
		8,
		9,
		{
			"name": "group",
			"origin": [0, 0, 0],
			"color": 0,
			"children": [10, 11, 12, 13, 14, 15, 16, 17, 18]
		}
	]
}