{
	"credit": "Made with Blockbench",
	"texture_size": [64, 64],
	"textures": {
		"0": "item/3d_pufferfish",
		"particle": "item/3d_pufferfish"
	},
	"elements": [
		{
			"from": [4, 0.5, 4],
			"to": [12, 8.5, 12],
			"rotation": {"angle": 0, "axis": "y", "origin": [8, 6.75, 8]},
			"faces": {
				"north": {"uv": [10, 14, 12, 16], "texture": "#0"},
				"east": {"uv": [8, 14, 10, 16], "texture": "#0"},
				"south": {"uv": [14, 14, 16, 16], "texture": "#0"},
				"west": {"uv": [12, 14, 14, 16], "texture": "#0"},
				"up": {"uv": [12, 14, 10, 12], "texture": "#0"},
				"down": {"uv": [14, 12, 12, 14], "texture": "#0"}
			}
		},
		{
			"from": [4, 5.5, 5],
			"to": [4, 7.5, 7],
			"rotation": {"angle": -22.5, "axis": "z", "origin": [4, 7.5, 6]},
			"faces": {
				"north": {"uv": [15.5, 13, 15.5, 13.5], "texture": "#0"},
				"east": {"uv": [15, 13, 15.5, 13.5], "texture": "#0"},
				"south": {"uv": [16, 13, 16, 13.5], "texture": "#0"},
				"west": {"uv": [15.5, 13, 16, 13.5], "texture": "#0"},
				"up": {"uv": [15.5, 13, 15.5, 12.5], "texture": "#0"},
				"down": {"uv": [15.5, 12.5, 15.5, 13], "texture": "#0"}
			}
		},
		{
			"from": [12, 5.5, 5],
			"to": [12, 7.5, 7],
			"rotation": {"angle": 22.5, "axis": "z", "origin": [12, 7.5, 6]},
			"faces": {
				"north": {"uv": [15.5, 13.5, 15.5, 14], "texture": "#0"},
				"east": {"uv": [15, 13.5, 15.5, 14], "texture": "#0"},
				"south": {"uv": [16, 13.5, 16, 14], "texture": "#0"},
				"west": {"uv": [15.5, 13.5, 16, 14], "texture": "#0"},
				"up": {"uv": [15.5, 13.5, 15.5, 13], "texture": "#0"},
				"down": {"uv": [15.5, 13, 15.5, 13.5], "texture": "#0"}
			}
		},
		{
			"from": [4, 8.5, 4],
			"to": [12, 9.5, 4],
			"rotation": {"angle": -45, "axis": "x", "origin": [8, 8.5, 4]},
			"faces": {
				"north": {"uv": [0, 15.75, 2, 16], "texture": "#0"},
				"east": {"uv": [0, 15.75, 0, 16], "texture": "#0"},
				"south": {"uv": [2, 15.75, 4, 16], "texture": "#0"},
				"west": {"uv": [2, 15.75, 2, 16], "texture": "#0"},
				"up": {"uv": [2, 15.75, 0, 15.75], "texture": "#0"},
				"down": {"uv": [4, 15.75, 2, 15.75], "texture": "#0"}
			}
		},
		{
			"from": [4, 0.5, 3],
			"to": [12, 0.5, 4],
			"rotation": {"angle": -45, "axis": "x", "origin": [8, 0.5, 4]},
			"faces": {
				"north": {"uv": [5.75, 14, 7.75, 14], "texture": "#0"},
				"east": {"uv": [5.5, 14, 5.75, 14], "texture": "#0"},
				"south": {"uv": [8, 14, 10, 14], "texture": "#0"},
				"west": {"uv": [7.75, 14, 8, 14], "texture": "#0"},
				"up": {"uv": [7.75, 14, 5.75, 13.75], "texture": "#0"},
				"down": {"uv": [9.75, 13.75, 7.75, 14], "texture": "#0"}
			}
		},
		{
			"from": [4, -0.5, 8],
			"to": [12, 0.5, 8],
			"rotation": {"angle": 0, "axis": "x", "origin": [8, 0.5, 8]},
			"faces": {
				"north": {"uv": [6, 13.75, 8, 14], "texture": "#0"},
				"east": {"uv": [6, 13.75, 6, 14], "texture": "#0"},
				"south": {"uv": [8, 13.75, 10, 14], "texture": "#0"},
				"west": {"uv": [8, 13.75, 8, 14], "texture": "#0"},
				"up": {"uv": [8, 13.75, 6, 13.75], "texture": "#0"},
				"down": {"uv": [10, 13.75, 8, 13.75], "texture": "#0"}
			}
		},
		{
			"from": [4, -0.5, 12],
			"to": [12, 0.5, 12],
			"rotation": {"angle": -45, "axis": "x", "origin": [8, 0.5, 12]},
			"faces": {
				"north": {"uv": [6, 13.75, 8, 14], "texture": "#0"},
				"east": {"uv": [6, 13.75, 6, 14], "texture": "#0"},
				"south": {"uv": [8, 13.75, 10, 14], "texture": "#0"},
				"west": {"uv": [8, 13.75, 8, 14], "texture": "#0"},
				"up": {"uv": [8, 13.75, 6, 13.75], "texture": "#0"},
				"down": {"uv": [10, 13.75, 8, 13.75], "texture": "#0"}
			}
		},
		{
			"from": [12, 1.5, 4],
			"to": [13, 8.5, 4],
			"rotation": {"angle": 45, "axis": "y", "origin": [12, 5, 4]},
			"faces": {
				"north": {"uv": [0, 14, 0.25, 15.75], "texture": "#0"},
				"east": {"uv": [0, 14, 0, 15.75], "texture": "#0"},
				"south": {"uv": [0.25, 14, 0.5, 15.75], "texture": "#0"},
				"west": {"uv": [0.25, 14, 0.25, 15.75], "texture": "#0"},
				"up": {"uv": [0.25, 14, 0, 14], "texture": "#0"},
				"down": {"uv": [0.5, 14, 0.25, 14], "texture": "#0"}
			}
		},
		{
			"from": [3, 1.5, 4],
			"to": [4, 8.5, 4],
			"rotation": {"angle": -45, "axis": "y", "origin": [4, 5, 4]},
			"faces": {
				"north": {"uv": [0.5, 14, 0.75, 15.75], "texture": "#0"},
				"east": {"uv": [0.5, 14, 0.5, 15.75], "texture": "#0"},
				"south": {"uv": [0.75, 14, 1, 15.75], "texture": "#0"},
				"west": {"uv": [0.75, 14, 0.75, 15.75], "texture": "#0"},
				"up": {"uv": [0.75, 14, 0.5, 14], "texture": "#0"},
				"down": {"uv": [1, 14, 0.75, 14], "texture": "#0"}
			}
		},
		{
			"from": [4, 8.5, 8],
			"to": [12, 9.5, 8],
			"rotation": {"angle": 0, "axis": "y", "origin": [8, 6.75, 8]},
			"faces": {
				"north": {"uv": [4, 15.75, 6, 16], "texture": "#0"},
				"east": {"uv": [4, 15.75, 4, 16], "texture": "#0"},
				"south": {"uv": [6, 15.75, 8, 16], "texture": "#0"},
				"west": {"uv": [6, 15.75, 6, 16], "texture": "#0"},
				"up": {"uv": [6, 15.75, 4, 15.75], "texture": "#0"},
				"down": {"uv": [8, 15.75, 6, 15.75], "texture": "#0"}
			}
		},
		{
			"from": [11.8, 1.5, 12.4],
			"to": [12.8, 8.5, 12.4],
			"rotation": {"angle": -45, "axis": "y", "origin": [12.3, 5, 12.4]},
			"faces": {
				"north": {"uv": [1, 13.75, 1.25, 15.5], "texture": "#0"},
				"east": {"uv": [1, 13.75, 1, 15.5], "texture": "#0"},
				"south": {"uv": [1.25, 13.75, 1.5, 15.5], "texture": "#0"},
				"west": {"uv": [1.25, 13.75, 1.25, 15.5], "texture": "#0"},
				"up": {"uv": [1.25, 13.75, 1, 13.75], "texture": "#0"},
				"down": {"uv": [1.5, 13.75, 1.25, 13.75], "texture": "#0"}
			}
		},
		{
			"from": [4, 8.5, 12],
			"to": [12, 9.5, 12],
			"rotation": {"angle": 45, "axis": "x", "origin": [8, 8.5, 12]},
			"faces": {
				"north": {"uv": [1, 15.5, 3, 15.75], "texture": "#0"},
				"east": {"uv": [1, 15.5, 1, 15.75], "texture": "#0"},
				"south": {"uv": [3, 15.5, 5, 15.75], "texture": "#0"},
				"west": {"uv": [3, 15.5, 3, 15.75], "texture": "#0"},
				"up": {"uv": [3, 15.5, 1, 15.5], "texture": "#0"},
				"down": {"uv": [5, 15.5, 3, 15.5], "texture": "#0"}
			}
		},
		{
			"from": [3.2, 1.5, 12.4],
			"to": [4.2, 8.5, 12.4],
			"rotation": {"angle": 45, "axis": "y", "origin": [3.7, 5, 12.4]},
			"faces": {
				"north": {"uv": [1.5, 13.75, 1.75, 15.5], "texture": "#0"},
				"east": {"uv": [1.5, 13.75, 1.5, 15.5], "texture": "#0"},
				"south": {"uv": [1.75, 13.75, 2, 15.5], "texture": "#0"},
				"west": {"uv": [1.75, 13.75, 1.75, 15.5], "texture": "#0"},
				"up": {"uv": [1.75, 13.75, 1.5, 13.75], "texture": "#0"},
				"down": {"uv": [2, 13.75, 1.75, 13.75], "texture": "#0"}
			}
		}
	],
	"display": {
		"thirdperson_righthand": {
			"rotation": [90, -1.39, -0.53],
			"translation": [0, 0.5, 2.5],
			"scale": [0.74219, 0.74219, 0.74219]
		},
		"thirdperson_lefthand": {
			"rotation": [90, 0, 0],
			"translation": [0, 0.5, 2.5],
			"scale": [0.74219, 0.74219, 0.74219]
		},
		"firstperson_righthand": {
			"rotation": [164.03, 28.99, -174.44],
			"translation": [0.25, 5, -0.75],
			"scale": [0.69531, 0.69531, 0.69531]
		},
		"firstperson_lefthand": {
			"rotation": [164.03, 28.99, -174.44],
			"translation": [0.25, 5, -0.75],
			"scale": [0.69531, 0.69531, 0.69531]
		},
		"gui": {
			"translation": [0, 4.25, 0]
		},
		"head": {
			"translation": [0, 14, 0]
		}
	}
}