{
	"textures": {
		"0": "minecraft:item/3d_tadpole_bucket"
	},
	"elements": [
		{
			"from": [4.5, 7.5, 4.5],
			"to": [11.5, 8.5, 11.5],
			"light_emission": 0,
			"faces": {
				"north": {
					"uv": [1.75, 11.25, 3.5, 11.5],
					"texture": "#0"
				},
				"east": {
					"uv": [0, 11.25, 1.75, 11.5],
					"texture": "#0"
				},
				"south": {
					"uv": [5.25, 11.25, 7, 11.5],
					"texture": "#0"
				},
				"west": {
					"uv": [3.5, 11.25, 5.25, 11.5],
					"texture": "#0"
				},
				"up": {
					"uv": [3.5, 11.25, 1.75, 9.5],
					"texture": "#0"
				},
				"down": {
					"uv": [5.25, 9.5, 3.5, 11.25],
					"texture": "#0"
				}
			}
		}
	],
	"display": {
		"thirdperson_righthand": {
			"rotation": [61.25, 0, 0],
			"translation": [0, 3.1381, 1.25172],
			"scale": [0.57422, 0.57422, 0.57422]
		},
		"thirdperson_lefthand": {
			"rotation": [61.25, 0, 0],
			"translation": [0, 3.1381, 1.25172],
			"scale": [0.57422, 0.57422, 0.57422]
		},
		"firstperson_righthand": {
			"rotation": [-168.99, 56.95, 167.03],
			"translation": [-0.04243, 2.84407, 1.7505],
			"scale": [0.69336, 0.69336, 0.69336]
		},
		"firstperson_lefthand": {
			"rotation": [-178.8, 12.3, 176.47],
			"translation": [-0.77086, 2.34604, 1.0027],
			"scale": [0.69336, 0.69336, 0.5957]
		},
		"ground": {
			"rotation": [0, 0, 0],
			"translation": [0, 3.03321, 0],
			"scale": [0.56641, 0.56641, 0.56641]
		},
		"gui": {
			"rotation": [0, 0, 0],
			"translation": [0, 0.5, 0],
			"scale": [1, 1, 1]
		},
		"head": {
			"rotation": [0, 0, 0],
			"translation": [0, 13.14063, 0],
			"scale": [0.78125, 0.78125, 0.78125]
		},
		"fixed": {
			"rotation": [0, 0, 0],
			"translation": [0, 3, 0],
			"scale": [1, 1, 1]
		}
	}
}