{
	"textures": {
		"0": "minecraft:item/3d_tadpole_bucket"
	},
	"elements": [
		{
			"from": [2.5, 6.5, 7],
			"to": [13.5, 9.5, 9],
			"light_emission": 0,
			"faces": {
				"north": {
					"uv": [2.75, 4.75, 0, 5.5],
					"texture": "#0"
				},
				"east": {
					"uv": [3.25, 4.75, 2.75, 5.5],
					"texture": "#0"
				},
				"south": {
					"uv": [8, 3, 5.25, 3.75],
					"texture": "#0"
				},
				"west": {
					"uv": [1.75, 7, 1.25, 7.75],
					"texture": "#0"
				},
				"up": {
					"uv": [2.25, 6.5, 5, 6],
					"texture": "#0"
				},
				"down": {
					"uv": [5, 6, 7.75, 6.5],
					"texture": "#0"
				}
			}
		}
	],
	"display": {
		"thirdperson_righthand": {
			"rotation": [61.25, 0, 0],
			"translation": [0, 5.40355, 0.00885],
			"scale": [0.57422, 0.57422, 0.57422]
		},
		"thirdperson_lefthand": {
			"rotation": [61.25, 0, 0],
			"translation": [0, 5.40355, 0.00885],
			"scale": [0.57422, 0.57422, 0.57422]
		},
		"firstperson_righthand": {
			"rotation": [-168.99, 56.95, 167.03],
			"translation": [-2.6577, 2.5191, 3.4208],
			"scale": [0.69336, 0.69336, 0.69336]
		},
		"firstperson_lefthand": {
			"rotation": [-178.8, 12.3, 176.47],
			"translation": [-1.34192, 2.29119, 3.62126],
			"scale": [0.69336, 0.69336, 0.5957]
		},
		"ground": {
			"rotation": [0, 0, 0],
			"translation": [0, 3.03321, -2.54884],
			"scale": [0.56641, 0.56641, 0.56641]
		},
		"gui": {
			"rotation": [0, 0, 0],
			"translation": [0, 0.5, -4.5],
			"scale": [1, 1, 1]
		},
		"head": {
			"rotation": [0, 0, 0],
			"translation": [0, 13.14063, -3.51562],
			"scale": [0.78125, 0.78125, 0.78125]
		},
		"fixed": {
			"rotation": [0, 0, 0],
			"translation": [0, 3, -4.5],
			"scale": [1, 1, 1]
		}
	}
}