{
	"textures": {
		"0": "minecraft:item/3d_tadpole_bucket"
	},
	"elements": [
		{
			"from": [7, 6.5, 3.5],
			"to": [9, 9.5, 12.5],
			"light_emission": 0,
			"faces": {
				"north": {
					"uv": [12.25, 9.5, 11.75, 10.25],
					"texture": "#0"
				},
				"east": {
					"uv": [5.25, 5.25, 7.5, 6],
					"texture": "#0"
				},
				"south": {
					"uv": [6, 7.25, 6.5, 8],
					"texture": "#0"
				},
				"west": {
					"uv": [0, 5.5, 2.25, 6.25],
					"texture": "#0"
				},
				"up": {
					"uv": [2.75, 8.75, 2.25, 6.5],
					"texture": "#0"
				},
				"down": {
					"uv": [3.25, 6.5, 2.75, 8.75],
					"texture": "#0"
				}
			}
		}
	],
	"display": {
		"thirdperson_righthand": {
			"rotation": [61.25, 0, 0],
			"translation": [2.58399, 2.63466, 1.52791],
			"scale": [0.57422, 0.57422, 0.57422]
		},
		"thirdperson_lefthand": {
			"rotation": [61.25, 0, 0],
			"translation": [2.58399, 2.63466, 1.52791],
			"scale": [0.57422, 0.57422, 0.57422]
		},
		"firstperson_righthand": {
			"rotation": [-168.99, 56.95, 167.03],
			"translation": [-1.11947, 2.71562, -1.25606],
			"scale": [0.69336, 0.69336, 0.69336]
		},
		"firstperson_lefthand": {
			"rotation": [-178.8, 12.3, 176.47],
			"translation": [-3.68667, 2.18006, -0.2465],
			"scale": [0.69336, 0.69336, 0.5957]
		},
		"ground": {
			"rotation": [0, 0, 0],
			"translation": [2.54885, 3.03321, 0.56641],
			"scale": [0.56641, 0.56641, 0.56641]
		},
		"gui": {
			"rotation": [0, 0, 0],
			"translation": [4.5, 0.5, 1],
			"scale": [1, 1, 1]
		},
		"head": {
			"rotation": [0, 0, 0],
			"translation": [3.51563, 13.14063, 0.78125],
			"scale": [0.78125, 0.78125, 0.78125]
		},
		"fixed": {
			"rotation": [0, 0, 0],
			"translation": [4.5, 3, 1],
			"scale": [1, 1, 1]
		}
	}
}