{
	"textures": {
		"0": "minecraft:item/3d_tadpole_bucket"
	},
	"elements": [
		{
			"from": [4.5, 6.5, 7],
			"to": [11.5, 9.5, 9],
			"light_emission": 0,
			"faces": {
				"north": {
					"uv": [0, 6.25, 1.75, 7],
					"texture": "#0"
				},
				"east": {
					"uv": [10.75, 8.25, 11.25, 9],
					"texture": "#0"
				},
				"south": {
					"uv": [6.25, 0, 8, 0.75],
					"texture": "#0"
				},
				"west": {
					"uv": [13, 8.25, 13.5, 9],
					"texture": "#0"
				},
				"up": {
					"uv": [8.5, 2.25, 6.75, 1.75],
					"texture": "#0"
				},
				"down": {
					"uv": [8.5, 2.25, 6.75, 2.75],
					"texture": "#0"
				}
			}
		}
	],
	"display": {
		"thirdperson_righthand": {
			"rotation": [61.25, 0, 0],
			"translation": [0, 0.87264, 2.49459],
			"scale": [0.57422, 0.57422, 0.57422]
		},
		"thirdperson_lefthand": {
			"rotation": [61.25, 0, 0],
			"translation": [0, 0.87264, 2.49459],
			"scale": [0.57422, 0.57422, 0.57422]
		},
		"firstperson_righthand": {
			"rotation": [-168.99, 56.95, 167.03],
			"translation": [2.57283, 3.16905, 0.0802],
			"scale": [0.69336, 0.69336, 0.69336]
		},
		"firstperson_lefthand": {
			"rotation": [-178.8, 12.3, 176.47],
			"translation": [-0.19979, 2.40089, -1.61586],
			"scale": [0.69336, 0.69336, 0.5957]
		},
		"ground": {
			"rotation": [0, 0, 0],
			"translation": [0, 3.03321, 2.54885],
			"scale": [0.56641, 0.56641, 0.56641]
		},
		"gui": {
			"rotation": [0, 0, 0],
			"translation": [0, 0.5, 4.5],
			"scale": [1, 1, 1]
		},
		"head": {
			"rotation": [0, 0, 0],
			"translation": [0, 13.14063, 3.51563],
			"scale": [0.78125, 0.78125, 0.78125]
		},
		"fixed": {
			"rotation": [0, 0, 0],
			"translation": [0, 3, 4.5],
			"scale": [1, 1, 1]
		}
	}
}