{
	"textures": {
		"0": "minecraft:item/3d_tadpole_bucket"
	},
	"elements": [
		{
			"from": [4.5, 7, 4.5],
			"to": [11.5, 9, 11.5],
			"light_emission": 0,
			"faces": {
				"north": {
					"uv": [3.25, 6.5, 5, 7],
					"texture": "#0"
				},
				"east": {
					"uv": [5, 6.5, 6.75, 7],
					"texture": "#0"
				},
				"south": {
					"uv": [6.75, 0.75, 8.5, 1.25],
					"texture": "#0"
				},
				"west": {
					"uv": [6.75, 1.25, 8.5, 1.75],
					"texture": "#0"
				},
				"up": {
					"uv": [6.25, 14.25, 4.5, 12.5],
					"texture": "#0"
				},
				"down": {
					"uv": [3.5, 3, 1.75, 4.75],
					"texture": "#0"
				}
			}
		}
	],
	"display": {
		"thirdperson_righthand": {
			"rotation": [61.25, 0, 0],
			"translation": [0, 1.06665, -2.52404],
			"scale": [0.57422, 0.57422, 0.57422]
		},
		"thirdperson_lefthand": {
			"rotation": [61.25, 0, 0],
			"translation": [0, 1.06665, -2.52404],
			"scale": [0.57422, 0.57422, 0.57422]
		},
		"firstperson_righthand": {
			"rotation": [-168.99, 56.95, 167.03],
			"translation": [0.59409, -2.31702, 1.74298],
			"scale": [0.69336, 0.69336, 0.69336]
		},
		"firstperson_lefthand": {
			"rotation": [-178.8, 12.3, 176.47],
			"translation": [-0.45802, -2.84458, 0.9622],
			"scale": [0.69336, 0.69336, 0.5957]
		},
		"ground": {
			"rotation": [0, 0, 0],
			"translation": [0, -1.21487, 0],
			"scale": [0.56641, 0.56641, 0.56641]
		},
		"gui": {
			"rotation": [0, 0, 0],
			"translation": [0, -7, 0],
			"scale": [1, 1, 1]
		},
		"head": {
			"rotation": [0, 0, 0],
			"translation": [0, 7.28125, 0],
			"scale": [0.78125, 0.78125, 0.78125]
		},
		"fixed": {
			"rotation": [0, 0, 0],
			"translation": [0, -4.5, 0],
			"scale": [1, 1, 1]
		}
	}
}