{
  "model": {
    "type": "minecraft:select",
    "property": "minecraft:component",
    "component": "minecraft:axolotl/variant",
    "cases": [
      {
        "when": "lucy",
        "model": {
          "type": "minecraft:select",
          "property": "minecraft:display_context",
          "cases": [
            {
              "when": ["gui", "ground", "fixed"],
              "model": {
                "type": "minecraft:model",
                "model": "minecraft:item/2d_lucy_axolotl_bucket"
              }
            }
          ],
          "fallback": {
            "type": "minecraft:model",
            "model": "item/3d_lucy_axolotl_bucket"
          }
        }
      },
      {
        "when": "wild",
        "model": {
          "type": "minecraft:select",
          "property": "minecraft:display_context",
          "cases": [
            {
              "when": ["gui", "ground", "fixed"],
              "model": {
                "type": "minecraft:model",
                "model": "minecraft:item/2d_wild_axolotl_bucket"
              }
            }
          ],
          "fallback": {
            "type": "minecraft:model",
            "model": "item/3d_wild_axolotl_bucket"
          }
        }
      },
      {
        "when": "gold",
        "model": {
          "type": "minecraft:select",
          "property": "minecraft:display_context",
          "cases": [
            {
              "when": ["gui", "ground", "fixed"],
              "model": {
                "type": "minecraft:model",
                "model": "minecraft:item/2d_gold_axolotl_bucket"
              }
            }
          ],
          "fallback": {
            "type": "minecraft:model",
            "model": "item/3d_gold_axolotl_bucket"
          }
        }
      },
      {
        "when": "cyan",
        "model": {
          "type": "minecraft:select",
          "property": "minecraft:display_context",
          "cases": [
            {
              "when": ["gui", "ground", "fixed"],
              "model": {
                "type": "minecraft:model",
                "model": "minecraft:item/2d_cyan_axolotl_bucket"
              }
            }
          ],
          "fallback": {
            "type": "minecraft:model",
            "model": "item/3d_cyan_axolotl_bucket"
          }
        }
      },
      {
        "when": "blue",
        "model": {
          "type": "minecraft:select",
          "property": "minecraft:display_context",
          "cases": [
            {
              "when": ["gui", "ground", "fixed"],
              "model": {
                "type": "minecraft:model",
                "model": "minecraft:item/2d_blue_axolotl_bucket"
              }
            }
          ],
          "fallback": {
            "type": "minecraft:model",
            "model": "item/3d_blue_axolotl_bucket"
          }
        }
      }
    ],
    "fallback": {
      "type": "minecraft:select",
      "property": "minecraft:display_context",
      "cases": [
        {
          "when": ["gui", "ground", "fixed"],
          "model": {
            "type": "minecraft:model",
            "model": "minecraft:item/2d_axolotl_bucket"
          }
        }
      ],
      "fallback": {
        "type": "minecraft:model",
        "model": "item/3d_axolotl_bucket"
      }
    }
  }
}
