{
  "model": {
    "type": "minecraft:select",
    "property": "minecraft:display_context",
    "cases": [
      {
        "when": [
          "gui",
          "ground",
          "fixed"
        ],
        "model": {
          "type": "minecraft:range_dispatch",
          "property": "minecraft:use_duration",
          "scale": 0.05,
          "entries": [
            {
              "threshold": 0.25,
              "model": {
                "type": "minecraft:model",
                "model": "item/2d_milk_bucket"
              }
            }
          ],
          "fallback": {
            "type": "minecraft:model",
            "model": "item/2d_milk_bucket"
          }
        }
      }
    ],


    "fallback": {
      "type": "minecraft:range_dispatch",
      "property": "minecraft:use_duration",
      "scale": 0.03,
      "entries": [
        {
          "threshold": 0.142,
          "model": {
            "type": "minecraft:model",
            "model": "item/3d_milk_bucket_use1"
          }
        },
        {
          "threshold": 0.284,
          "model": {
            "type": "minecraft:model",
            "model": "item/3d_milk_bucket_use2"
          }
        }, 
        {
          "threshold": 0.426,
          "model": {
            "type": "minecraft:model",
            "model": "item/3d_milk_bucket_use3"
          }
        },
        {
          "threshold": 0.568,
          "model": {
            "type": "minecraft:model",
            "model": "item/3d_milk_bucket_use4"
          }
        },
        {
          "threshold": 0.71,
          "model": {
            "type": "minecraft:model",
            "model": "item/3d_milk_bucket_use5"
          }
        },
        {
          "threshold": 0.852,
          "model": {
            "type": "minecraft:model",
            "model": "item/3d_milk_bucket_use6"
          }
        },
        {
          "threshold": 1,
          "model": {
            "type": "minecraft:model",
            "model": "item/3d_milk_bucket_use7"
          }
        }
      ],

      "fallback": {
        "type": "minecraft:model",
        "model": "item/3d_milk_bucket"
      }
    }
  }
}