{
  "model": {
    "type": "minecraft:select",
    "property": "minecraft:display_context",
   "cases": [
       {
         "when": [
           "gui",
           "ground",
           "fixed"
         ],
        "model": {
          "type": "minecraft:model",
          "model": "item/2d_tadpole_bucket"
        }
      }
    ],
    "fallback": {
                "type": "composite",
        "models": [
            {
                "type": "minecraft:model",
                "model": "item/0"
            },
            {
                "type": "minecraft:model",
                "model": "item/1"
            },
            {
                "type": "minecraft:model",
                "model": "item/2"
            },
            {
                "type": "minecraft:model",
                "model": "item/3"
            },
            {
                "type": "minecraft:model",
                "model": "item/4"
            },
            {
                "type": "minecraft:model",
                "model": "item/5"
            },
            {
                "type": "minecraft:model",
                "model": "item/6"
            },
            {
                "type": "minecraft:model",
                "model": "item/7"
            },
            {
                "type": "minecraft:model",
                "model": "item/8"
            },
            {
                "type": "minecraft:model",
                "model": "item/9"
            },
            {
                "type": "minecraft:model",
                "model": "item/10"
            },
            {
                "type": "minecraft:model",
                "model": "item/11"
            },
            {
                "type": "minecraft:model",
                "model": "item/12"
            }
        ]
    }
}
}